hora,fecha,año,calle,cruce,tipo_accidente,causa_accidente,lesionados,fallecidos,totales,lat,lon
18:48:00,03/05/2018,2018,20 DE NOVIEMBRE,ENRIQUE GARCIA LEAL,Atropello,Viro indebidamente,1,0,1,25.678405,-100.4183
19:14,18/07/2015,2015,A. DIAZ SOTO Y GAMA,LUIS CABRERA,Atropello,Otros,1,0,1,25.680108,-100.410655
16:30:00,16/05/2018,2018,AGUSTIN SILLER,NATIVIDAD GARCIA,Atropello,Viro indebidamente,1,0,1,25.661022,-100.41577
7:15,16/10/2015,2015,ALFONSO REYES,RICARDO MARGAIN,Atropello,Viro indebidamente,1,0,1,25.6480327,-100.384845
11:50:00,11/02/2016,2016,ALFONSO REYES,PADRE MIER,Atropello,Distraccion,1,0,1,25.658377,-100.413170
20:43:00,04/09/2017,2017,ALFONSO REYES,PADRE MIER,Atropello,Distraccion,1,0,1,25.6583772,-100.41317
8:22:00,08/11/2017,2017,ALFONSO REYES,LAS SENDAS,Atropello,Otros,1,0,1,25.6573628,-100.41007
13:41:00,07/06/2018,2018,ALFONSO REYES,PADRE MIER,Atropello,Otros,1,0,1,25.6583772,-100.41317
18:05:00,11/07/2018,2018,ALFONSO REYES,DUBLIN PONIENTE,Atropello,Otros,1,0,1,25.6424746,-100.34926
20:01:00,10/04/2019,2019,ALFONSO REYES,SIERRA VERDE,Atropello,Distraccion,1,0,1,25.645251,-100.378819
16:06,11/02/2015,2015,ANA CRISTINA,J. M. MONTEMAYOR,Atropello,Otros,1,0,1,25.653119,-100.383425
21:29:00,30/08/2016,2016,ANTIMONIO,TUGSTENO,Atropello,Distraccion,1,0,1,25.686641,-100.412715
19:02:00,14/05/2018,2018,ANTIMONIO,AZUFRE,Atropello,Otros,1,0,1,25.685397,-100.41275
3:59:00,13/08/2017,2017,ANTONIO DIAZ SOTO,FLORES MAGON,Atropello,Sin Dato,1,0,1,25.679903,-100.409703
0:35,12/06/2015,2015,ANTONIO I. VILLARREAL,A. DIAZ SOTO Y GAMA,Atropello,Otros,1,0,1,25.679588,-100.408143
21:20,03/04/2015,2015,BATALLON DE SAN PATRICIO,REAL SAN AGUSTIN,Atropello,Sin Dato,1,0,1,25.647893,-100.339493
11:26:00,15/09/2016,2016,BATALLON DE SAN PATRICIO,REAL SAN AGUSTIN,Atropello,Viro indebidamente,1,0,1,25.647893,-100.339493
18:01:00,14/11/2019,2019,BATALLON DE SAN PATRICIO,DIEGO RIVERA,Atropello,Distraccion,1,0,1,25.648422,-100.334797
13:32:00,22/10/2019,2019,BENITO JUAREZ,MORONES PRIETO,Atropello,Otros,0,1,1,25.6710457,-100.398
13:45,23/02/2015,2015,BENITO JUAREZ,CALLEJON DE LOS AYALA,Atropello,Distraccion,1,0,1,25.6683982,-100.400520
10:29:00,03/03/2016,2016,BENITO JUAREZ,JOSE VASCONCELOS,Atropello,Otros,1,0,1,25.662513,-100.403500
20:17:00,17/04/2016,2016,BENITO JUAREZ,REFORMA,Atropello,Distraccion,1,0,1,25.664117,-100.402770
16:08:00,30/01/2017,2017,BENITO JUAREZ,MORONES PRIETO,Atropello,Distraccion,1,0,1,25.6710457,-100.398
20:02:00,28/06/2018,2018,BERNARDO REYES,ADAN HERNANDEZ,Atropello,Distraccion,2,0,2,25.680222,-100.40519
18:50:00,18/08/2018,2018,BERNARDO REYES,PEDRO N. PERALES,Atropello,Otros,1,0,1,25.679225,-100.40449
8:54:00,03/01/2019,2019,BOSQUES DE TAHITI,SIERRA DE JUAREZ,Atropello,Otros,1,0,1,25.639978,-100.37262
19:46:00,03/06/2017,2017,BOSQUES DEL VALLE,BOSQUES DEL ALAMO,Atropello,Otros,1,0,1,25.649242,-100.376206
18:16:00,27/08/2018,2018,BUSTAMANTE,VILLALDAMA,Atropello,Distraccion,1,0,1,25.645912,-100.33497
16:26:00,20/12/2019,2019,BUSTAMANTE,VILLALDAMA,Atropello,Distraccion,1,0,1,25.645912,-100.33497
10:53:00,20/01/2017,2017,CALLEJON DE CAPELLANIA,CORREGIDORA,Atropello,Otros,1,0,1,25.67028,-100.402202
9:17:00,19/02/2018,2018,CALLEJON DE LOS ARIZPE,CORREGIDORA,Atropello,Distraccion,1,0,1,25.668185,-100.40309
7:56,24/03/2015,2015,CALZADA DEL VALLE,RIO TAMAZUNCHALE,Atropello,Distraccion,1,0,1,25.656086,-100.366107
7:23,26/09/2015,2015,CALZADA DEL VALLE,RIO BRAVO,Atropello,Distraccion,1,0,1,25.659835,-100.379084
19:39:00,12/06/2016,2016,CALZADA DEL VALLE,RIO BRAVO,Atropello,Viro indebidamente,1,0,1,25.659835,-100.379080
9:29:00,09/02/2018,2018,CALZADA DEL VALLE,CALZADA SAN PEDRO,Atropello,Viro indebidamente,1,0,1,25.657266,-100.3703
1:22:00,07/06/2019,2019,CALZADA DEL VALLE,RIO ROSAS,Atropello,Viro indebidamente,1,0,1,25.654529,-100.360744
14:54,17/02/2015,2015,CALZADA EL ROSARIO,PRIVADA ESPERANZA,Atropello,Distraccion,0,1,1,25.6496081,-100.388074
18:58,12/05/2015,2015,CALZADA SAN PEDRO,RIO MISSOURI,Atropello,Otros,1,0,1,25.662555,-100.368564
9:52:00,03/03/2016,2016,CALZADA SAN PEDRO,RIO MISSISSIPPI,Atropello,Distraccion,1,0,1,25.659490,-100.369540
11:47:00,25/09/2017,2017,CALZADA SAN PEDRO,VIA TRIUMPHALIS,Atropello,Distraccion,1,0,1,25.666357,-100.368532
20:10:00,26/09/2017,2017,CALZADA SAN PEDRO,CALZADA DEL VALLE,Atropello,Distraccion,1,0,1,25.657266,-100.3703
16:04:00,14/10/2019,2019,CALZADA SAN PEDRO,RIO VOLGA,Atropello,Otros,1,0,1,25.655065,-100.371102
12:04,13/05/2015,2015,CEDROS,MONTEBELLO,Atropello,Distraccion,1,0,1,25.640066,-100.357640
19:27,11/09/2015,2015,COBALTO,PLATINO,Atropello,Distraccion,0,1,1,25.683256,-100.415781
20:59:00,14/04/2018,2018,COBALTO,FIERRO,Atropello,Otros,1,0,1,25.683387,-100.41702
16:44:00,22/07/2018,2018,COBALTO,ZINC,Atropello,Otros,1,0,1,25.683085,-100.41356
4:29,09/05/2015,2015,CORREGIDORA,PLAN DEL RIO,Atropello,Otros,1,0,1,25.67266,-100.402617
6:44,15/12/2015,2015,CORREGIDORA,LIBERTAD,Atropello,Distraccion,1,0,1,25.665549,-100.404223
9:26:00,09/10/2016,2016,CORREGIDORA,CALLEJON DE LOS ARIZPE,Atropello,Distraccion,2,0,2,25.668185,-100.403091
20:56:00,16/11/2016,2016,CORREGIDORA,PLAN DEL RIO,Atropello,Sin Dato,1,0,1,25.672660,-100.402620
9:03:00,04/11/2017,2017,CORREGIDORA,CALLEJON DE LOS ARIZPE,Atropello,Viro indebidamente,1,0,1,25.668185,-100.40309
11:09:00,09/03/2018,2018,CORREGIDORA,LIBERTAD,Atropello,Distraccion,1,0,1,25.665549,-100.40422
18:58:00,23/03/2018,2018,CORREGIDORA,ALFONSO REYES,Atropello,Otros,1,0,1,25.656627,-100.40789
13:00:00,11/04/2018,2018,CORREGIDORA,JOSE VASCONCELOS,Atropello,Distraccion,1,0,1,25.663104,-100.40523
23:39:00,27/10/2018,2018,CORREGIDORA,LUCIO BLANCO,Atropello,Viro indebidamente,1,0,1,25.672511,-100.40274
20:15:00,18/05/2019,2019,CORREGIDORA,CALLEJON DE LOS AYALA,Atropello,Distraccion,1,0,1,25.669369,-100.402604
9:09,01/12/2015,2015,DIAZ ORDAZ,MARIA CANTU,Atropello,Exceso de velocidad,0,1,1,25.674832,-100.407116
0:44:00,16/10/2016,2016,DIAZ ORDAZ,ORO,Atropello,Otros,0,1,1,25.675109,-100.417660
1:38,13/10/2015,2015,DIAZ ORDAZ,ZINC,Atropello,Viro indebidamente,1,0,1,25.67512,-100.414315
6:06,22/10/2015,2015,DIAZ ORDAZ,ZINC,Atropello,Otros,1,0,1,25.67512,-100.414315
19:58,28/10/2015,2015,DIAZ ORDAZ,MARIA CANTU,Atropello,Viro indebidamente,1,0,1,25.674832,-100.407116
5:36:00,15/08/2016,2016,DIAZ ORDAZ,CORREGIDORA,Atropello,Otros,1,0,1,25.674443,-100.402670
20:38:00,12/11/2016,2016,DIAZ ORDAZ,MARIA CANTU,Atropello,Distraccion,1,0,1,25.674832,-100.407120
12:52:00,07/09/2018,2018,DIAZ ORDAZ,CORREGIDORA,Atropello,Otros,1,0,1,25.6744429,-100.40267
21:38:00,11/11/2019,2019,DIAZ ORDAZ,CORREGIDORA,Atropello,Distraccion,1,0,1,25.6744429,-100.402671
18:56,22/01/2015,2015,DIEGO RIVERA,LAZARO CARDENAS,Atropello,Otros,1,0,1,25.6518414,-100.333809
8:26:00,16/03/2016,2016,DIEGO RIVERA,LAZARO CARDENAS,Atropello,Otros,1,0,1,25.651841,-100.333809
15:23:00,19/04/2016,2016,DIEGO RIVERA,LAZARO CARDENAS,Atropello,Distraccion,1,0,1,25.651841,-100.333809
14:44:00,22/10/2016,2016,DIEGO RIVERA,BATALLON DE SAN PATRICIO,Atropello,Viro indebidamente,1,0,1,25.648422,-100.334797
11:51:00,09/12/2016,2016,DIEGO RIVERA,LAZARO CARDENAS,Atropello,Distraccion,1,0,1,25.651841,-100.333809
7:35:00,23/05/2017,2017,DIEGO RIVERA,BATALLON DE SAN PATRICIO,Atropello,Distraccion,1,0,1,25.648422,-100.3348
18:34:00,01/11/2018,2018,DIEGO RIVERA,LAZARO CARDENAS,Atropello,Distraccion,1,0,1,25.6518414,-100.33381
22:24,15/05/2015,2015,DIEGO SALDIVAR,LAZARO GARZA AYALA,Atropello,Distraccion,1,0,1,25.66467,-100.412609
16:26:00,11/06/2017,2017,DIEGO SALDIVAR,LAZARO GARZA AYALA,Atropello,Otros,1,0,1,25.66467,-100.41261
8:28:00,21/12/2016,2016,EMILIANO ZAPATA,JOSE BENITEZ,Atropello,Otros,1,0,1,25.681200,-100.405135
22:07:00,13/04/2018,2018,ENRIQUE GARCIA LEAL,CORREGIDORA,Atropello,Otros,1,0,1,25.675196,-100.40296
10:55:00,17/02/2018,2018,EUGENIO GARZA LAGUERA,LA CEIBA,Atropello,Viro indebidamente,1,0,1,25.642625,-100.33335
12:58:00,11/01/2017,2017,FIERRO,COBALTO,Atropello,Distraccion,1,0,1,25.683387,-100.417015
21:38:00,04/06/2019,2019,FIERRO,PLOMO,Atropello,Otros,1,0,1,25.682181,-100.417173
19:26:00,14/11/2016,2016,GALEANA,MARIANO MATAMOROS,Atropello,Sin Dato,1,0,1,25.658475,-100.397118
19:56:00,18/11/2019,2019,GALEANA,PRIVADA NUEVA,Atropello,Otros,1,0,1,25.652343,-100.382653
19:19:00,16/07/2019,2019,GENARO GARZA GARCIA,JOSE VASCONCELOS,Atropello,Otros,1,0,1,25.660403,-100.397288
16:23:00,21/07/2019,2019,GENERAL FRANCISCO VILLA,CORREGIDORA,Atropello,Distraccion,1,0,1,25.67218,-100.402662
20:21:00,08/08/2019,2019,GENERAL FRANCISCO VILLA,CORREGIDORA,Atropello,Distraccion,1,0,1,25.67218,-100.402662
22:22,29/07/2015,2015,GENERAL JERONIMO TREVIÑO,GOMEZ MORIN,Atropello,Distraccion,1,0,1,25.63723,-100.362767
7:00,15/01/2015,2015,GENERAL PORFIRIO DIAZ,MANUEL GONZALEZ,Atropello,Distraccion,1,0,1,25.662437,-100.400499
17:35:00,22/01/2018,2018,GENERAL PORFIRIO DIAZ,GUERRERO,Atropello,Otros,1,0,1,25.662716,-100.401407
17:50,10/05/2015,2015,GOMEZ MORIN,MAGNOLIA,Atropello,Otros,1,0,1,25.646381,-100.359971
7:05,24/12/2015,2015,GOMEZ MORIN,PRIVADA MARIA DE LOS ANGELES,Atropello,Otros,1,0,1,25.643113,-100.361182
11:00:00,24/02/2016,2016,GOMEZ MORIN,PRIVADA SANTA MAGDALENA,Atropello,Otros,1,0,1,25.646991,-100.360162
12:23:00,24/09/2016,2016,GOMEZ MORIN,ROBERTO GARZA SADA,Atropello,Distraccion,1,0,1,25.635282,-100.363362
14:10:00,29/10/2016,2016,GOMEZ MORIN,ROBERTO GARZA SADA,Atropello,Otros,1,0,1,25.635282,-100.363362
13:23:00,24/05/2017,2017,GOMEZ MORIN,RIO GUADALQUIVIR,Atropello,Viro indebidamente,1,0,1,25.658424,-100.356323
20:30:00,10/07/2017,2017,GOMEZ MORIN,PRIVADA MARIA DE LOS ANGELES,Atropello,Otros,1,0,1,25.643113,-100.36118
15:04:00,17/10/2017,2017,GOMEZ MORIN,ROBERTO GARZA SADA,Atropello,Otros,1,0,1,25.635282,-100.36336
12:39:00,08/01/2018,2018,GOMEZ MORIN,RIO AMAZONAS,Atropello,Distraccion,1,0,1,25.657954,-100.35642
14:33:00,23/08/2018,2018,GOMEZ MORIN,JOSE VASCONCELOS,Atropello,Otros,1,0,1,25.652344,-100.35826
8:46:00,26/09/2018,2018,GOMEZ MORIN,MAGNOLIA,Atropello,Distraccion,1,0,1,25.646381,-100.35997
10:49:00,11/10/2018,2018,GOMEZ MORIN,RIO DE LA PLATA,Atropello,Otros,1,0,1,25.654433,-100.3575
1:34:00,25/11/2018,2018,GOMEZ MORIN,ROBLE,Atropello,Viro indebidamente,1,0,1,25.650229,-100.35867
19:52:00,16/07/2019,2019,GOMEZ MORIN,RIO AMAZONAS,Atropello,Viro indebidamente,1,0,1,25.657954,-100.35642
10:11,14/03/2015,2015,GRAFITO,ORO,Atropello,Otros,1,0,1,25.684514,-100.416465
16:13:00,21/03/2017,2017,HUMBERTO LOBO,RIO GUADALQUIVIR,Atropello,Distraccion,1,0,1,25.665528,-100.380757
11:29:00,31/07/2017,2017,HUMBERTO LOBO,JOSE VASCONCELOS,Atropello,Viro indebidamente,1,0,1,25.655259,-100.385269
15:02:00,20/09/2017,2017,HUMBERTO LOBO,JOSE VASCONCELOS,Atropello,Viro indebidamente,1,0,1,25.655259,-100.385269
14:47:00,05/11/2018,2018,HUMBERTO LOBO,RIO SENA,Atropello,Otros,1,0,1,25.656122,-100.38495
14:34:00,21/02/2019,2019,HUMBERTO LOBO,RIO DANUBIO,Atropello,Otros,1,0,1,25.659244,-100.383458
7:28:00,08/08/2019,2019,HUMBERTO LOBO,RIO NAVIA,Atropello,Distraccion,1,0,1,25.666642,-100.380311
14:44:00,27/04/2018,2018,J. M. ARREOLA,FERNANDO DAVILA REYES,Atropello,Viro indebidamente,1,0,1,25.67168,-100.39308
13:10:00,17/05/2017,2017,J. M. MONTEMAYOR,LAZARO GARZA AYALA,Atropello,Otros,1,0,1,25.653788,-100.383913
23:13,22/02/2015,2015,JIMENEZ,5 DE MAYO,Atropello,Sin Dato,1,0,1,25.661119,-100.410198
14:00:00,25/08/2018,2018,JIMENEZ,GENERAL PORFIRIO DIAZ,Atropello,Otros,1,0,1,25.66519,-100.408501
6:42:00,29/08/2017,2017,JOSE VASCONCELOS,MONTES ROCALLOSOS,Atropello,Exceso de velocidad,1,1,2,25.6538072,-100.34219
14:46:00,20/09/2017,2017,JOSE VASCONCELOS,LOS ROSALES,Atropello,Otros,0,1,1,25.653412,-100.350607
23:07,21/01/2015,2015,JOSE VASCONCELOS,LOS ALDAMA,Atropello,Otros,1,0,1,25.6628138,-100.404358
17:14,01/02/2015,2015,JOSE VASCONCELOS,PRIVADA JESUS MATA,Atropello,Distraccion,1,0,1,25.6558926,-100.386904
16:40,23/02/2015,2015,JOSE VASCONCELOS,RIO BRAVO,Atropello,Distraccion,1,0,1,25.653822,-100.381238
23:06,06/03/2015,2015,JOSE VASCONCELOS,LOS ALDAMA,Atropello,Otros,1,0,1,25.6628138,-100.404358
20:41,28/03/2015,2015,JOSE VASCONCELOS,RIO MOSA,Atropello,Viro indebidamente,1,0,1,25.6561501,-100.387522
9:46,03/04/2015,2015,JOSE VASCONCELOS,RIO BALSAS,Atropello,Distraccion,1,0,1,25.6518279,-100.376856
11:07,04/04/2015,2015,JOSE VASCONCELOS,RIO TAMESIS,Atropello,Otros,1,0,1,25.6547355,-100.383265
20:59,15/04/2015,2015,JOSE VASCONCELOS,SABINO,Atropello,Otros,1,0,1,25.65308,-100.355816
18:05,01/07/2015,2015,JOSE VASCONCELOS,DEGOLLADO,Atropello,Otros,1,0,1,25.6579477,-100.391135
1:11,31/07/2015,2015,JOSE VASCONCELOS,BENITO JUAREZ,Atropello,Distraccion,1,0,1,25.6625133,-100.403498
7:45,15/12/2015,2015,JOSE VASCONCELOS,CALZADA EL ROSARIO,Atropello,Otros,1,0,1,25.6553818,-100.385635
18:47:00,23/01/2016,2016,JOSE VASCONCELOS,SABINO,Atropello,Viro indebidamente,1,0,1,25.653080,-100.355820
19:12:00,24/01/2016,2016,JOSE VASCONCELOS,BENITO JUAREZ,Atropello,Viro indebidamente,1,0,1,25.662513,-100.403500
8:56:00,29/02/2016,2016,JOSE VASCONCELOS,RIO BRAVO,Atropello,Otros,1,0,1,25.653822,-100.381240
18:09:00,24/03/2016,2016,JOSE VASCONCELOS,MONTES ROCALLOSOS,Atropello,Distraccion,1,0,1,25.653807,-100.342190
11:56:00,08/05/2016,2016,JOSE VASCONCELOS,RIO BRAVO,Atropello,Otros,1,0,1,25.653822,-100.381240
9:30:00,20/05/2016,2016,JOSE VASCONCELOS,RIO BALSAS,Atropello,Otros,1,0,1,25.651828,-100.376860
8:57:00,27/07/2016,2016,JOSE VASCONCELOS,MANUEL GONZALEZ,Atropello,Viro indebidamente,1,0,1,25.661624,-100.400840
4:15:00,13/08/2016,2016,JOSE VASCONCELOS,GENARO GARZA GARCIA,Atropello,Otros,1,0,1,25.660403,-100.397288
18:22:00,03/10/2016,2016,JOSE VASCONCELOS,GENERAL NARANJO,Atropello,Otros,1,0,1,25.660701,-100.398184
15:50:00,08/10/2016,2016,JOSE VASCONCELOS,DEGOLLADO,Atropello,Distraccion,1,0,1,25.657948,-100.391140
7:09:00,21/10/2016,2016,JOSE VASCONCELOS,MONTES ROCALLOSOS,Atropello,Distraccion,1,0,1,25.653807,-100.342190
7:16:00,21/10/2016,2016,JOSE VASCONCELOS,LOS ROSALES,Atropello,Distraccion,1,0,1,25.653412,-100.350607
23:40:00,08/11/2016,2016,JOSE VASCONCELOS,BENITO JUAREZ,Atropello,Sin Dato,2,0,2,25.662513,-100.403500
11:37:00,14/11/2016,2016,JOSE VASCONCELOS,RIO SUCHIATE,Atropello,Viro indebidamente,1,0,1,25.652635,-100.378958
10:11:00,11/12/2016,2016,JOSE VASCONCELOS,MORELOS,Atropello,Viro indebidamente,1,0,1,25.662233,-100.402620
18:27:00,22/12/2016,2016,JOSE VASCONCELOS,BOSQUES DE CHAPULTEPEC,Atropello,Distraccion,1,0,1,25.651917,-100.377121
10:44:00,01/01/2017,2017,JOSE VASCONCELOS,DEGOLLADO,Atropello,Dormitando,1,0,1,25.6579477,-100.39114
12:59:00,03/03/2017,2017,JOSE VASCONCELOS,BENITO JUAREZ,Atropello,Otros,1,0,1,25.6625133,-100.4035
10:00:00,06/03/2017,2017,JOSE VASCONCELOS,BOSQUES DE CANADA,Atropello,Distraccion,1,0,1,25.651401,-100.37349
21:18:00,12/03/2017,2017,JOSE VASCONCELOS,BOSQUES DE CANADA,Atropello,Otros,1,0,1,25.651401,-100.37349
17:07:00,23/03/2017,2017,JOSE VASCONCELOS,RIO ROSAS,Atropello,Distraccion,1,0,1,25.652427,-100.361149
18:38:00,24/03/2017,2017,JOSE VASCONCELOS,MORELOS,Atropello,Sin Dato,1,0,1,25.662233,-100.40262
11:40:00,18/05/2017,2017,JOSE VASCONCELOS,J. M. MONTEMAYOR,Atropello,Otros,1,0,1,25.654795,-100.383523
8:58:00,10/06/2017,2017,JOSE VASCONCELOS,BENITO JUAREZ,Atropello,Otros,1,0,1,25.6625133,-100.4035
15:51:00,17/07/2017,2017,JOSE VASCONCELOS,NEIL ARMSTRONG,Atropello,Otros,1,0,1,25.6571908,-100.38968
8:34:00,27/08/2017,2017,JOSE VASCONCELOS,MONTES ROCALLOSOS,Atropello,Distraccion,1,0,1,25.6538072,-100.34219
14:13:00,06/10/2017,2017,JOSE VASCONCELOS,BENITO JUAREZ,Atropello,Otros,1,0,1,25.6625133,-100.4035
11:17:00,07/10/2017,2017,JOSE VASCONCELOS,BENITO JUAREZ,Atropello,Otros,1,0,1,25.6625133,-100.4035
8:50:00,29/11/2017,2017,JOSE VASCONCELOS,REAL SAN AGUSTIN,Atropello,Otros,1,0,1,25.654011,-100.33857
13:23:00,06/12/2017,2017,JOSE VASCONCELOS,MONTE ICUTU,Atropello,Otros,1,0,1,25.653562,-100.344197
20:17:00,01/02/2018,2018,JOSE VASCONCELOS,RIO SUCHIATE,Atropello,Otros,1,0,1,25.652635,-100.37896
14:30:00,13/02/2018,2018,JOSE VASCONCELOS,CONQUISTADORES,Atropello,Viro indebidamente,1,0,1,25.656253,-100.387779
12:27:00,14/03/2018,2018,JOSE VASCONCELOS,JUAN I. RAMON,Atropello,Viro indebidamente,1,0,1,25.659484,-100.394609
9:27:00,15/03/2018,2018,JOSE VASCONCELOS,MARIANO MATAMOROS,Atropello,Viro indebidamente,1,0,1,25.660094,-100.396392
19:20:00,26/05/2018,2018,JOSE VASCONCELOS,GENERAL TREVIÑO,Atropello,Viro indebidamente,1,0,1,25.661003,-100.39905
6:48:00,12/06/2018,2018,JOSE VASCONCELOS,NEIL ARMSTRONG,Atropello,Otros,1,0,1,25.6571908,-100.38968
17:15:00,10/09/2018,2018,JOSE VASCONCELOS,GENERAL NARANJO,Atropello,Otros,1,0,1,25.660701,-100.39818
9:47:00,31/10/2018,2018,JOSE VASCONCELOS,JIMENEZ,Atropello,Distraccion,1,0,1,25.664406,-100.408864
19:21:00,04/03/2019,2019,JOSE VASCONCELOS,BOSQUES DE CANADA,Atropello,Distraccion,1,0,1,25.651401,-100.37349
18:40:00,12/08/2019,2019,JOSE VASCONCELOS,RIO LYS,Atropello,Viro indebidamente,2,0,2,25.6564474,-100.388204
16:55:00,16/08/2019,2019,JOSE VASCONCELOS,BENITO JUAREZ,Atropello,Viro indebidamente,1,0,1,25.6625133,-100.4035
7:59:00,14/11/2019,2019,JOSE VASCONCELOS,CALZADA EL ROSARIO,Atropello,Distraccion,1,0,1,25.6553818,-100.385635
21:22:00,09/11/2019,2019,LA INDUSTRIA,RICARDO MARGAIN,Atropello,Otros,1,0,1,25.645805,-100.352785
21:31:00,18/04/2017,2017,LAZARO CARDENAS,OCTAVIO PAZ,Atropello,Otros,0,1,1,25.650639,-100.33261
21:14,06/09/2015,2015,LAZARO CARDENAS,LOMAS DEL MAR,Atropello,Otros,1,0,1,25.6569423,-100.341704
3:02,22/11/2015,2015,LAZARO CARDENAS,JOSE VASCONCELOS,Atropello,Sin Dato,1,0,1,25.654011,-100.339802
15:01,22/12/2015,2015,LAZARO CARDENAS,PEDRO RAMIREZ VAZQUEZ,Atropello,Distraccion,1,0,1,25.641171,-100.317294
7:25:00,18/02/2016,2016,LAZARO CARDENAS,LOMAS DEL MAR,Atropello,Otros,1,0,1,25.656942,-100.341700
22:36:00,26/03/2016,2016,LAZARO CARDENAS,TORREVILLAS,Atropello,Otros,1,0,1,25.652719,-100.335410
8:55:00,03/03/2017,2017,LAZARO CARDENAS,SAN ALBERTO,Atropello,Sin Dato,1,0,1,25.656082,-100.340098
17:21:00,30/08/2017,2017,LAZARO CARDENAS,DIEGO RIVERA,Atropello,Distraccion,1,0,1,25.651841,-100.33381
21:42:00,15/09/2018,2018,LAZARO CARDENAS,LOMAS DEL MAR,Atropello,Otros,1,0,1,25.6569423,-100.3417
9:32:00,20/09/2018,2018,LAZARO CARDENAS,LOS ARCANGELES,Atropello,Distraccion,1,0,1,25.658631,-100.34351
10:36:00,10/11/2018,2018,LAZARO CARDENAS,DIEGO RIVERA,Atropello,Otros,1,0,1,25.6518414,-100.33381
18:52:00,25/12/2018,2018,LAZARO CARDENAS,JOSE MARIA ESCRIVA,Atropello,Otros,1,0,1,25.649814,-100.33016
19:36:00,08/04/2019,2019,LAZARO CARDENAS,MARIA IZQUIERDO,Atropello,Otros,1,0,1,25.646374,-100.325494
10:52:00,07/07/2018,2018,LAZARO GARZA AYALA,DIEGO SALDIVAR,Atropello,Otros,1,0,1,25.66467,-100.41261
16:42:00,05/06/2018,2018,LIBERTAD,BENITO JUAREZ,Atropello,Otros,1,0,1,25.66492,-100.402441
9:10:00,24/08/2018,2018,LIBERTAD,IGNACIO ALLENDE,Atropello,Distraccion,1,0,1,25.666164,-100.40603
9:56:00,27/04/2017,2017,LIC. VERDAD,JOSE VASCONCELOS,Atropello,Distraccion,1,0,1,25.665421,-100.411854
7:59:00,01/07/2016,2016,LOMAS DEL VALLE,RIO PILON,Atropello,Distraccion,1,0,1,25.644774,-100.380562
15:30,03/04/2015,2015,LOS ALDAMA,16 DE SEPTIEMBRE,Atropello,Distraccion,1,0,1,25.660397,-100.405354
9:19:00,29/08/2016,2016,LOS ALDAMA,JOSE VASCONCELOS,Atropello,Otros,1,0,1,25.662814,-100.404360
8:25:00,29/10/2019,2019,MANUEL DOBLADO,JOSE VASCONCELOS,Atropello,Otros,1,0,1,25.6584071,-100.391993
7:21:00,19/10/2016,2016,MANUEL J. CLOUTHIER,BERNARDO REYES,Atropello,Distraccion,1,0,1,25.678217,-100.403396
14:20:00,02/03/2017,2017,MANUEL J. CLOUTHIER,CORREGIDORA,Atropello,Distraccion,1,0,1,25.677911,-100.402392
18:18:00,02/08/2018,2018,MANUEL J. CLOUTHIER,CORREGIDORA,Atropello,Otros,1,0,1,25.677911,-100.40239
21:15:00,11/04/2019,2019,MANUEL J. CLOUTHIER,ORO,Atropello,Otros,3,0,3,25.680913,-100.416926
22:49:00,11/03/2018,2018,MARIA CANTU,LUCIO BLANCO,Atropello,Viro indebidamente,2,0,2,25.669979,-100.407432
9:15:00,16/04/2019,2019,MARIA DE LOS ANGELES,PRIVADA LOS ANGELES,Atropello,Distraccion,0,2,2,25.639111,-100.392694
21:14:00,16/05/2017,2017,MIRADOR DEL CAMPESTRE ,SAN ALBERTO,Atropello,Distraccion,1,0,1,25.656535,-100.336694
12:10:00,05/05/2016,2016,MONTE AVENTINO,MONTE AVENTINO,Atropello,Otros,1,1,2,25.666489,-100.360673
17:46:00,08/02/2018,2018,MONTES ROCALLOSOS,SIERRA NEVADA,Atropello,Otros,1,0,1,25.652967,-100.340522
11:23:00,16/04/2018,2018,MORELOS,REFORMA,Atropello,Viro indebidamente,1,0,1,25.6638,-100.401905
1:53,10/11/2015,2015,MORONES PRIETO,CANTERAS,Atropello,Viro indebidamente,0,1,1,25.671193,-100.396207
20:38:00,24/11/2016,2016,MORONES PRIETO,HUMBERTO LOBO,Atropello,Otros,0,1,1,25.667672,-100.379830
21:14:00,30/09/2017,2017,MORONES PRIETO,RIO BRAVO,Atropello,Otros,0,1,1,25.667685,-100.376308
1:13:00,21/07/2019,2019,MORONES PRIETO,HUMBERTO LOBO,Atropello,Otros,0,1,1,25.667672,-100.37983
12:34,05/02/2015,2015,MORONES PRIETO,LIBERTAD,Atropello,Distraccion,1,0,1,25.666938,-100.407911
12:37,22/02/2015,2015,MORONES PRIETO,JIMENEZ,Atropello,Distraccion,1,0,1,25.666827,-100.408304
23:04,07/05/2015,2015,MORONES PRIETO,NIÑOS HEROES,Atropello,Otros,1,0,1,25.668435,-100.405484
15:30,13/07/2015,2015,MORONES PRIETO,RIO SUCHIATE,Atropello,Otros,1,0,1,25.6676505,-100.374083
11:14,26/07/2015,2015,MORONES PRIETO,FERNANDO DAVILA REYES,Atropello,Otros,1,0,1,25.6714942,-100.392462
16:15,09/08/2015,2015,MORONES PRIETO,HORTELANOS,Atropello,Otros,1,0,1,25.6708413,-100.394724
7:54,03/12/2015,2015,MORONES PRIETO,LIBERTAD,Atropello,Sin Dato,1,0,1,25.666938,-100.407911
15:16:00,11/02/2016,2016,MORONES PRIETO,JIMENEZ,Atropello,Otros,1,0,1,25.666827,-100.408300
23:07:00,13/07/2016,2016,MORONES PRIETO,HUMBERTO LOBO,Atropello,Distraccion,1,0,1,25.667672,-100.379830
19:25:00,30/12/2017,2017,MORONES PRIETO,HUMBERTO LOBO,Atropello,Otros,1,0,1,25.667672,-100.37983
13:39:00,18/06/2018,2018,MORONES PRIETO,CALZADA SAN PEDRO,Atropello,Exceso de dimensiones,1,0,1,25.668013,-100.36653
19:04:00,14/09/2018,2018,MORONES PRIETO,CANTERAS,Atropello,Sin Dato,1,0,1,25.671193,-100.39621
20:24:00,21/12/2018,2018,MORONES PRIETO,HUMBERTO LOBO,Atropello,Viro indebidamente,1,0,1,25.667672,-100.37983
12:25:00,22/01/2019,2019,MORONES PRIETO,SAN PATRICIO,Atropello,Distraccion,1,0,1,25.670149,-100.38821
23:56:00,06/06/2019,2019,MORONES PRIETO,BENITO JUAREZ,Atropello,Sin Dato,1,0,1,25.671046,-100.398
10:29:00,20/09/2016,2016,ORO,COBALTO,Atropello,Viro indebidamente,1,0,1,25.683339,-100.416602
16:54:00,02/08/2017,2017,ORO,LAS TORRES,Atropello,Otros,1,0,1,25.680236,-100.416903
21:34:00,02/08/2019,2019,ORO,LAS TORRES,Atropello,Otros,2,0,2,25.680236,-100.416903
16:49:00,28/05/2016,2016,PASEO OLGA,LAZARO CARDENAS,Atropello,Distraccion,1,0,1,25.64289,-100.319520
20:19:00,23/12/2019,2019,PLATINO,COBALTO,Atropello,Distraccion,1,0,1,25.683256,-100.415781
11:13:00,29/05/2018,2018,PLOMO,ALUMINIO,Atropello,Distraccion,2,0,2,25.682106,-100.416345
8:20:00,10/03/2017,2017,PLUTARCO ELIAS CALLES,BENITO JUAREZ,Atropello,Otros,1,0,1,25.644097,-100.386775
18:46:00,25/01/2019,2019,PLUTARCO ELIAS CALLES,JOSE VASCONCELOS,Atropello,Viro indebidamente,1,0,1,25.653702,-100.381073
20:17:00,20/07/2018,2018,PUEBLA,IGNACIO ALLENDE,Atropello,Viro indebidamente,1,0,1,25.658071,-100.409277
10:00,10/05/2015,2015,REAL SAN AGUSTIN,LAZARO CARDENAS,Atropello,Otros,2,0,2,25.653808,-100.338059
8:20,15/06/2015,2015,REAL SAN AGUSTIN,LAZARO CARDENAS,Atropello,Otros,1,0,1,25.653808,-100.338059
8:20:00,11/04/2017,2017,REAL SAN AGUSTIN,MONTES ROCALLOSOS,Atropello,Otros,1,0,1,25.652007,-100.339145
17:19:00,06/09/2017,2017,REAL SAN AGUSTIN,MONTES APALACHES,Atropello,Distraccion,1,0,1,25.651503,-100.339273
14:13:00,10/03/2018,2018,REAL SAN AGUSTIN,LAMPAZOS,Atropello,Viro indebidamente,1,0,1,25.645095,-100.339031
9:54:00,01/09/2018,2018,REAL SAN AGUSTIN,LAMPAZOS,Atropello,Distraccion,1,0,1,25.645095,-100.339031
8:28,10/05/2015,2015,REFORMA,BENITO JUAREZ,Atropello,Otros,1,0,1,25.664117,-100.402767
2:17:00,21/12/2019,2019,RICARDO MARGAIN,ROBLE,Atropello,Otros,0,1,1,25.650227,-100.352771
15:45,04/10/2015,2015,RICARDO MARGAIN,PRIVADA FUENTES,Atropello,Sin Dato,1,0,1,25.660438,-100.352583
1:19:00,11/08/2018,2018,RICARDO MARGAIN,ARBOL,Atropello,Otros,1,0,1,25.655412,-100.352716
18:12:00,28/03/2018,2018,RIO AMAZONAS,CALZADA SAN PEDRO,Atropello,Otros,2,0,2,25.661482,-100.36883
9:24:00,07/05/2017,2017,RIO CAURA,CALZADA DEL VALLE,Atropello,Otros,1,0,1,25.654703,-100.362233
16:05,22/01/2015,2015,RIO COLORADO,RIO MOCTEZUMA,Atropello,Viro indebidamente,1,0,1,25.658351,-100.362182
11:20:00,22/06/2017,2017,RIO DE LA PLATA,HUMBERTO LOBO,Atropello,Otros,1,0,1,25.661945,-100.382708
13:31:00,16/02/2018,2018,RIO GRIJALVA,RIO MISSISSIPPI,Atropello,Viro indebidamente,1,0,1,25.659105,-100.36815
16:57:00,27/06/2019,2019,RIO GRIJALVA,RIO MISSISSIPPI,Atropello,Otros,1,0,1,25.659105,-100.36815
4:08,01/10/2015,2015,RIO MISSISSIPPI,RIO GRIJALVA,Atropello,Otros,1,0,1,25.659105,-100.368154
8:59:00,10/02/2019,2019,RIO MISSISSIPPI,CALZADA SAN PEDRO,Atropello,Distraccion,1,0,1,25.65949,-100.36954
19:11:00,21/05/2019,2019,RIO MISSISSIPPI,RIO ROSAS,Atropello,Distraccion,1,0,1,25.657046,-100.35986
11:44:00,11/03/2017,2017,RIO MISSOURI,CALZADA SAN PEDRO,Atropello,Distraccion,1,0,1,25.662555,-100.368589
14:01,19/06/2015,2015,RIO MOCTEZUMA,RIO ORINOCO,Atropello,Otros,1,0,1,25.6589006,-100.361990
4:17,21/03/2015,2015,RIO ORINOCO,RIO TAMAZUNCHALE,Atropello,Viro indebidamente,2,0,2,25.6593337,-100.364970
19:56,06/10/2015,2015,RIO SUCHIATE,CALZADA DEL VALLE,Atropello,Viro indebidamente,1,0,1,25.659197,-100.376960
9:48:00,05/06/2016,2016,RIO SUCHIATE,JOSE VASCONCELOS,Atropello,Viro indebidamente,1,0,1,25.652635,-100.378958
11:57:00,09/12/2018,2018,RIO SUCHIATE,JOSE VASCONCELOS,Atropello,Distraccion,1,0,1,25.652037,-100.36438
14:57:00,18/04/2016,2016,RIO TAMAZUNCHALE,RIO MISSISSIPPI,Atropello,Distraccion,1,0,1,25.658304,-100.365333
18:58:00,17/01/2017,2017,RIO TAMAZUNCHALE,RIO VOLGA,Atropello,Viro indebidamente,4,0,4,25.653848,-100.366898
9:01:00,08/01/2018,2018,RIO TAMAZUNCHALE,CALZADA DEL VALLE,Atropello,Distraccion,1,0,1,25.656086,-100.36611
14:08:00,09/06/2019,2019,RIO TIGRIS,JOSE VASCONCELOS,Atropello,Distraccion,1,0,1,25.6515,-100.371245
17:18:00,09/06/2016,2016,ROBERTO GARZA SADA,ALBERTO R. GONZALEZ,Atropello,Distraccion,1,0,1,25.635312,-100.364078
20:05:00,20/09/2016,2016,ROBERTO GARZA SADA,RIO SUCHIATE,Atropello,Distraccion,1,0,1,25.639356,-100.384041
10:01:00,27/12/2017,2017,ROBERTO GARZA SADA,GOMEZ MORIN,Atropello,Otros,1,0,1,25.635282,-100.36336
8:46:00,31/05/2019,2019,ROBERTO GARZA SADA,GOMEZ MORIN,Atropello,Otros,2,0,2,25.635282,-100.363362
16:51:00,04/07/2018,2018,ROBLE,GOMEZ MORIN,Atropello,Otros,1,0,1,25.650229,-100.35867
11:03:00,02/02/2018,2018,SAN ANDRES,GOMEZ MORIN,Atropello,Viro indebidamente,1,0,1,25.650307,-100.358773
12:54,23/07/2015,2015,SANTA BARBARA,GENERAL PORFIRIO DIAZ,Atropello,Otros,1,0,1,25.660033,-100.393326
11:50:00,22/01/2016,2016,SANTA BARBARA,CALLEJON DE LOS AYALA,Atropello,Distraccion,1,0,1,25.663888,-100.391090
16:35:00,14/02/2018,2018,SANTA BARBARA,JOSE VASCONCELOS,Atropello,Sin Dato,1,0,1,25.659259,-100.39372
11:03:00,20/02/2016,2016,SEGUNDA DE MONTE PALATINO,MONTE QUIRINAL,Atropello,Otros,1,0,1,25.666549,-100.359561
9:12,25/09/2015,2015,VALLE DE SAN ANGEL,PUENTE 1,Atropello,Otros,2,0,2,25.626269,-100.362728
11:28:00,24/02/2017,2017,VALLE SOL,ALTO CLARO,Atropello,Viro indebidamente,1,0,1,25.66208,-100.34824
14:43,11/04/2015,2015,VIA ANGELICA,CALZADA SAN PEDRO,Atropello,Otros,1,0,1,25.666904,-100.368431
15:34:00,10/05/2019,2019,ZINC,PLOMO,Atropello,Otros,1,0,1,25.68179,-100.413558